Community_ID,Size,Mastermind_ID,PageRank_Score
1,50,4291,0.040483373337355785
5,47,1,0.04888173739456187
2,21,4707,0.14363918490990535
4,19,1810,0.12715798251738705
0,7,2934,0.19030030036830795
